{
    "best_suited" : {
        "display_text_if_no_recommendation" : "Based on your personality traits & the results of the aptitude tests we could not find any suitable trending career field for you.",
        "image_url" : "/report/recommendation/img/best_suited.jpg",
        "title" : "YOU ARE WELL-SUITED FOR",
        "recommendation" : [
            {
                "career_class_icon": "/report/career_class/icon/media.1.jpg",
                "trending_careers": [
                    "Public Relations Specialist",
                    "Communications Manager",
                    "Event Planner",
                    "Social Media/Digital Media Strategist"
                ],
                "_id": "5e535ebf3b1d2455e8d3de05",
                "career_class": "Media & Communication"
            },
            {
                "career_class_icon": "/report/career_class/icon/hospitality.1.jpg",
                "trending_careers": [
                    "Hotel Manager",
                    "Sommelier",
                    "Executive Chef",
                    "Director of Housekeeping",
                    "Travel Consultants"
                ],
                "_id": "5e535ebf3b1d2455e8d3de04",
                "career_class": "Hospitality"
            }
        ]
    },
    "may_think" : {
        "display_text_if_no_recommendation" : "Based on your personality traits & the results of the aptitude tests we could not find any suitable trending career field for you.",
        "image_url" : "/report/recommendation/img/may_think_about.jpg",
        "title" : "YOU MAY ALSO CONSIDER",
        "recommendation" : []
    },
    "need_improvement" : {
        "display_text_if_no_recommendation" : "Based on your personality traits & the results of the aptitude tests we could not find any suitable trending career field for you.",
        "image_url" : "/report/recommendation/img/need_to_improve.jpg",
        "title" : "YOU COULD WORK ON YOUR SKILLS IF YOU WANT TO STUDY",
        "recommendation" : []
    },
    "basis_of_recommendation" : {
        "sub_points" : [ 
            "The Interests that you have indicated", 
            "Your scores in the Personality and Aptitude tests", 
            "Eduguy Career Recommendation Framework"
        ],
        "head_line" : "Our Recommendations are based upon:"
    },
    "personality" : {
        "heatmap_headings" : {
            "high" : "DOMINANT TRAITS",
            "low" : "RECESSIVE TRAITS"
        },
        "high" : [],
        "medium" : [],
        "low" : [ 
            "Ad", 
            "Am", 
            "Bo", 
            "Co", 
            "Cr", 
            "En", 
            "Ex", 
            "Ga", 
            "Gp", 
            "Id", 
            "In", 
            "Ld" 
          
        ],
        "traits" : [ 
            {
                "trait_name" : "Ad",
                "score" : "2"
            }, 
            {
                "trait_name" : "Am",
                "score" : "1"
            }, 
            {
                "trait_name" : "Bo",
                "score" : "1"
            }, 
            {
                "trait_name" : "Co",
                "score" : "1"
            }, 
            {
                "trait_name" : "Cr",
                "score" : "1"
            }, 
            {
                "trait_name" : "En",
                "score" : "1"
            }, 
            {
                "trait_name" : "Ex",
                "score" : "1"
            }, 
            {
                "trait_name" : "Ga",
                "score" : "1"
            }, 
            {
                "trait_name" : "Gp",
                "score" : "1"
            }, 
            {
                "trait_name" : "Id",
                "score" : "1"
            }, 
            {
                "trait_name" : "In",
                "score" : "1"
            }, 
            {
                "trait_name" : "Ld",
                "score" : "1"
            }, 
            {
                "trait_name" : "Ma",
                "score" : "1"
            }, 
            {
                "trait_name" : "Mh",
                "score" : "1"
            }, 
            {
                "trait_name" : "Mo",
                "score" : "1"
            }, 
            {
                "trait_name" : "Sc",
                "score" : "1"
            }, 
            {
                "trait_name" : "Se",
                "score" : "1"
            }, 
            {
                "trait_name" : "Ss",
                "score" : "1"
            }, 
            {
                "trait_name" : "Sw",
                "score" : "1"
            }, 
            {
                "trait_name" : "Tn",
                "score" : "1"
            }
        ],
        "how_to_read_text" : "The area closer to the outer circle are the ones you are more interested in and the ones more to the centre are areas you are less interested in."
    },
    "aptitude" : {
        "heatmap_headings" : {
            "high" : "STRENGTHS",
            "low" : "AREAS OF IMPROVEMENTS"
        },
        "high" : [ 
            "CA", 
            "MA", 
            "RA", 
            "SA", 
            "VA"
        ],
        "medium" : [],
        "low" : [ 
            "NA"
        ],
        "categories" : [ 
            {
                "category_name" : "CA",
                "score" : "10"
            }, 
            {
                "category_name" : "MA",
                "score" : "10"
            }, 
            {
                "category_name" : "NA",
                "score" : "3"
            }, 
            {
                "category_name" : "RA",
                "score" : "10"
            }, 
            {
                "category_name" : "SA",
                "score" : "10"
            }, 
            {
                "category_name" : "VA",
                "score" : "9"
            }
        ],
        "how_to_read_text" : "The area closer to the outer circle are the ones you are more interested in and the ones more to the centre are areas you are less interested in."
    },
    "interest" : {
        "heatmap_headings" : {
            "high" : "HIGH INTEREST",
            "low" : "LOW INTEREST"
        },
        "high" : [],
        "low" : [],
        "career_classes" : [ 
            {
                "career_class" : "engineering",
                "score" : "11"
            }, 
            {
                "career_class" : "computer_application_and_it",
                "score" : "11"
            }, 
            {
                "career_class" : "aviation",
                "score" : "5"
            }, 
            {
                "career_class" : "architecture",
                "score" : "0"
            }, 
            {
                "career_class" : "merchant_navy",
                "score" : "0"
            }, 
            {
                "career_class" : "food_and_agriculture",
                "score" : "0"
            }, 
            {
                "career_class" : "natural_sciences",
                "score" : "0"
            }, 
            {
                "career_class" : "maths_&_statistics",
                "score" : "0"
            }, 
            {
                "career_class" : "medicine",
                "score" : "0"
            }, 
            {
                "career_class" : "allied_medicine",
                "score" : "0"
            }, 
            {
                "career_class" : "sports_&_nutrition",
                "score" : "0"
            }, 
            {
                "career_class" : "design",
                "score" : "0"
            }, 
            {
                "career_class" : "animation_&_graphics",
                "score" : "0"
            }, 
            {
                "career_class" : "media_&_communication",
                "score" : "0"
            }, 
            {
                "career_class" : "applied_arts",
                "score" : "0"
            }, 
            {
                "career_class" : "performing_arts",
                "score" : "0"
            }, 
            {
                "career_class" : "hospitality",
                "score" : "0"
            }, 
            {
                "career_class" : "public_services",
                "score" : "0"
            }, 
            {
                "career_class" : "defence",
                "score" : "0"
            }, 
            {
                "career_class" : "marketing_&_advertising",
                "score" : "0"
            }, 
            {
                "career_class" : "sales",
                "score" : "0"
            }, 
            {
                "career_class" : "management",
                "score" : "0"
            }, 
            {
                "career_class" : "law",
                "score" : "0"
            }, 
            {
                "career_class" : "finance_&_banking",
                "score" : "0"
            }, 
            {
                "career_class" : "commerce_&_accounts",
                "score" : "0"
            }, 
            {
                "career_class" : "actuarial_sciences",
                "score" : "0"
            }, 
            {
                "career_class" : "economics",
                "score" : "0"
            }, 
            {
                "career_class" : "social_sciences_&_humanities",
                "score" : "0"
            }, 
            {
                "career_class" : "social_service",
                "score" : "0"
            }, 
            {
                "career_class" : "education_&_training",
                "score" : "0"
            }, 
            {
                "career_class" : "Vocational",
                "score" : "0"
            }
        ],
        "how_to_read_text" : "The area closer to the outer circle are the ones you are more interested in and the ones more to the centre are areas you are less interested in."
    },
    "report_id" : "report-S.01-3c8hgfsk81w6azv",
    "status" : "Active",
    "generated_on" : "2020-03-21T17:34:08.682Z",
    "assessment_id" : "assessment-20200318-3c8h9o4k7xf95qx",
    "student_id" : "S.01",
    "student_details" : {
        "student_name" : "Oliver Queen",
        "class" : "12",
        "profile_picture_url" : ""
    },
    "recommendation_framework" : {
        "title" : "Eduguy Career Recommendation Framework ",
        "text" : [ 
            {
                
                "paragraph" : "The Eduguy Career Recommendation Framework has been built with the aim of providing our users with their best-fit career recommendations. A schematic Venn diagram is shown to the right, to explain the framework. "
            }, 
            {
                
                "paragraph" : "The capability of this framework builds its foundation upon three-tests: Personality test, Aptitude test and Interest test. "
            }, 
            {
                
                "paragraph" : "Our Personality test a structured test (i.e. tests that are shaped to the structures that basic research has shown to be essential elements of human personality in our culture), used in diagnostic testing and is measured on twenty personality traits (in-depth analysis discussed in the following pages). Our Aptitude test comprises of multi-aptitude battery consisting of six subtests(in-depth analysis discussed in the following pages). The test is devised in order to have an accurate measure of an individual’s various mental abilities. The scores describes how the individual performs here and now, and that all things being equal, they will probably continue to perform in a like manner."
            }, 
            {
                
                "paragraph" : "The Personality and Aptitude set is represented by the blue-coloured circle in the given figure."
            }, 
            {
                
                "paragraph" : "Our Interest test determines the strength and direction of an individual’s interest in undertaking educational and vocational pursuits. The test spans over thirty-one interest areas. The Interest set is represented by the purple-coloured circle in the given figure."
            }, 
            {
                
                "paragraph" : "The scores derived from the three aforementioned tests undergo statistical computations to form three Career Recommendations: R1, R2 and R3 (refer to the given fig.). "
            }, 
            {
                
                "paragraph" : "Recommendation 1 (or R1) forms the intersection/overlap between the sets for Personality & Aptitude, and Interest. The recommendations made under R1 indicates the careers that the test-taker is well-suited for i.e. the test-taker demonstrates the required personality and aptitude and also takes an interest in that career. "
            }, 
            {
                
                "paragraph" : "Recommendation 2 (or R2) forms the blue area of the circle (excluding R1). The recommendations made under R2 indicate the careers that the test-taker may also consider i.e. the test-taker demonstrates the required personality and aptitude for the career but has not shown an interest towards this. This could possibly be because the individual is unaware of that career or has lack of knowledge on what the career entails or may simply not be excited by that career. "
            }, 
            {
                
                "paragraph" : "Recommendation 3 (or R3) forms the purple area of the circle (excluding R1). The recommendations made under R3 indicates the careers that the test-taker could work on their skills if they want to study/pursue i.e. the test-taker has shown interest in the career but do not display the desired levels of personality and aptitude associated with the career. If they want still wish to pursue their interests, they could look into consciously and meticulously developing the other factors."
            }
        ],
        "image" : [ 
            {
                "labels" : [],
                "captions" : [],
                "image_url" : ""
            }
        ]
    },
    "personality_appendix" : {
        "title" : "Personality Traits",
        "personality_traits" : [ 
            {
                
                "trait_name" : "Adaptability: ",
                "trait_description" : "Ability to make appropriate responses to changed or changing circumstances. Accommodating, accepts and adjusts to situations easily. Individuals scoring low on this do not have a harmonious relationship in their environment and are unable to obtain satisfaction for most of their needs."
            }, 
            {
                
                "trait_name" : "Academic Achievement: ",
                "trait_description" : "Consists of mainly two attitudes: “learning skills” and “inclination to climb”. It reflects the amount of actual skill the individual has and the degree to which they are currently interested and concerned.  High scores indicate individual being ambitious, overtly interested in their position and realistically involved in various aspects of their school life while low scores indicate regressive behaviour, escapism and unwillingness to accept responsibility."
            }, 
            {
                
                "trait_name" : "Boldness: ",
                "trait_description" : "High scoring individuals are typically adventurous, bold, energetic with good insight, enjoy being the focus of attention in a group-situation and face no problems with stage-fright. In group situations, they feel free to participate and make more merrily ‘social’ than ‘task-oriented’ remarks. Low scores on this indicate that individual maybe intensely shy, slow and impeded in expressing themselves. Avoid large parties and open competition, external stresses can penetrate them more easily."
            }, 
            {
                
                "trait_name" : "Competition: ",
                "trait_description" : "Both extremes pose problems for adjustment. High scores indicates that the individual is self-assertive, dominant and aggressive. Too high a score may lead to the teenager being termed as disobedient, delinquency, sometimes anti-social and may mask covert feelings of inferiority. Moderate scores are often controlled and are seen in sublimated form that can be treated as highly desirable. Too low scores may be pathological for it occurs in abnormally submissive and humble teens. "
            }, 
            {
                
                "trait_name" : "Creativity: ",
                "trait_description" : "High scorers are reserved and critical thinkers who tend to be independent, undemonstrative and high on scholastic and mental abilities. They are sensitive to scientific reasoning and experimental thinking.  Feel self-assured, self-sufficient and self-sentimental about their image. Low scorers are dull, emotionally less stable, impatient and threat sensitive but are more warm-hearted and cheerful."
            }, 
            {
                
                "trait_name" : "Enthusiasm: ",
                "trait_description" : "High scoring teens are generally happy-go-lucky, lively and enthusiastic. They externalize or ‘act-out’ inner conflicts. Low scoring teens should not be assumed as depressed, rather it indicates the teen is serious, prudent and sober.  They internalize or control inner conflicts. Also sometimes relationship can be drawn to the family position of the child- Eldest child scoring lower and the youngest scoring higher dues to more responsibility and adult contact.  "
            }, 
            {
                
                "trait_name" : "Excitability: ",
                "trait_description" : "High scoring individuals may on first sight be thought of as abnormal teens having a combination of immediate temperamental quality, mind-wandering distractibility, insecurity, irrepressible impulsiveness and is hurt/angry if not given important positions or penalized/ restricted for wrong behaviour. Low scoring individuals on the other hand are complacent, not easily jealous and unemotional in nature."
            }, 
            {
                
                "trait_name" : "General Ability: ",
                "trait_description" : "High scorers have a greater mental capacity to learn, intelligent, insightful, high abstract thinking, sensitive to minute details and have more intellectual interests. Low scores  indicate a poor mental capacity to learn and are unable to handle abstract problems. Since on this test the questions are not extraordinarily difficult, too low a score may also mean the individual is not paying sufficient attention to the test."
            }, 
            {
                
                "trait_name" : "Guilt-Proneness: ",
                "trait_description" : "High scorers feels overfatigues by exciting situation, is unable to sleep through worrying, feels inadequate to meet the rough daily demands of life, is easily down-hearted and remorseful. They feel people are not as moral as they should be and is inclined to piety. In group dynamics, they do not feel accepted or free to participate, have few peers as friends and have high standards of group conformity. High scores in this trait relate strongly against successful leadership in face-to-face situations and correlates significantly to accident-proneness."
            }, 
            {
                
                "trait_name" : "Individualism: ",
                "trait_description" : "High scoring individuals tend to be loners, is physically and intellectually obstructive, thinks over their mistakes repeatedly and how to avoid them. Tends to not forget if they have been treated unfairly and generally had private views from the group but prefers to remain in the background to avoid arguments. Low scorers are zestful, vigorous, ready to accept common standards and highly involved in group action. "
            }, 
            {
                
                "trait_name" : "Innovation: ",
                "trait_description" : "High scoring teens tend to be analytical, liberal and innovative. Are more well-informed, inclined to experiment with problem solutions and less inclined to moralize. They trust logic rather than feelings, favour relaxed laws and prefer to break established ways of doing things. In group dynamics, the high scorers contributes significantly more remarks to discussion, a high percentage being of critical nature."
            }, 
            {
                
                "trait_name" : "Leadership: ",
                "trait_description" : "A high scorer had the ability to direct and control the attitude/actions/behaviour of others, demonstrating an influence on a group. Such teens usually occupy positions of command/authority. Qualities like self-confidence, controlled and strong will-power, adventurous, perseverance, determination and responsive to people are present. Low scoring individuals are undependable, obstructive, prefer to be sound followers, group-dependent, impatient and likely to escape when faces with responsibility."
            }, 
            {
                
                "trait_name" : "Maturity: ",
                "trait_description" : "Realistic about life and emotionally stable and this trait serves as an index of stress tolerance. Higher scores indicate more resources the individual had to meet the challenges of the day. Low scoring teens are easily annoyed by things and people, is dissatisfied with the world situation, their family, the restrictions of life and own health."
            }, 
            {
                
                "trait_name" : "Mental Health: ",
                "trait_description" : "High scoring individuals have a positively harmonious state of mind, are well adjusted and have a zest for living and attaining self-actualization/realization. Have emotional stability, self-security and low tension. "
            }, 
            {
                
                "trait_name" : "Morality: ",
                "trait_description" : "High scoring teens tend to be more persistent, respectful of authority, more conforming to the standards of the group, have high sense of duty, are attentive to people, emotionally disciplined and responsible. Too high scores may also indicate rigidity and unrealistic high standards for themselves and as a result experience guilt and feeling of inadequacy on failure of meeting standards. Thus lowering their flexibility and ability to cope with extreme stress. "
            }, 
            {
                
                "trait_name" : "Self-Control: ",
                "trait_description" : "High scoring individuals have strong control over emotional life and behaviour in general. Demonstrate socially approved character responses, behavioural control, persistence, foresight, considerateness of others and conscientiousness. In group dynamics, they are the likely to be chosen as effective leaders rather than merely popular leaders. Make more remarks than others, especially problem-raising and solution offering, receive fewer rejections at end of sessions and fewer votes as hinderers. Too high scores in combination with elevated levels of Guilt Proneness and Tension shows a tendency towards excess compulsivity and obsessional behaviour. Very low scores indicate the teen’s inability to keep emotions in order. "
            }, 
            {
                
                "trait_name" : "Sensitivity: ",
                "trait_description" : "High scores indicate tender minded, dependent, overprotected, fidgety, clinging and insecurity amongst teens. Display fastidious dislike of “crude” friends and rough tasks, a liking for travel and new experiences, a love for dramatics, imaginative aesthetic mind and a certain impracticality in general affairs.  Low scores on the other hand, represents some sort of tough, masculine, practical, mature, group-solidarity-generating and realistic temperamental dimension."
            }, 
            {
                
                "trait_name" : "Self-Sufficiency: ",
                "trait_description" : "High scoring individuals prefer to be independent, not needing the support of groups. In groups, the teen is more dissatisfied with group integration as their ideas tend to be rejected.  They seem to have older friends, mature interests and general achievement is higher. They are confident and resourceful person with some apparent disdain of group activities and are often mistaken for being introverted. Low scorers may be described as being group-dependent, who strongly values social approval and is fashionable."
            }, 
            {
                
                "trait_name" : "Social Warmth: ",
                "trait_description" : "High scoring individuals are usually found to be very warm hearted, personable and easy to get along with. They prefer to adapt to other’s schedule rather than require others to adapt to their. Also more likely to share their feelings with others. Low scoring individuals are quite uncompromising, prefers things to people, likes to work alond, looks for thinking quality in companionship and is introspective. They are more penetrating in their evaluations of people and things. "
            }, 
            {
                
                "trait_name" : "Tension: ",
                "trait_description" : "High scorers are irritated by small things, are short tempered and may suffer from sleep disturbances. Extreme cases involves being irrationally worried, tense, irritable, anxious and in turmoil. In group situations, they hardly take leadership and have a poor concept of group unity and orderliness. "
            }
        ]
    },
    "aptitude_appendix" : {
        "title" : "Aptitude Categories",
        "aptitude_categories" : [ 
            {
                
                "category_name" : "Verbal Ability",
                "category_description" : "Refers to the comprehension of words and ideas or a person's ability to understand written language. Low scores (1-3) indicate a below average knowledge and understanding of words and their use in day to day applications. The individual is unable to understand and apply English vocabulary of average difficulty level. Medium scores (4-7) indicate an average ability to understand and apply English language in an unstructured form. Has an average ability to comprehend English vocabulary and verbal skills for usage in practical applications. High scores (8-10) indicate a high verbal ability in comprehension and use of English word and language. The individual has an extremely good vocabulary and a profound grasping of relationships between words."
            }, 
            {
                
                "category_name" : "Numerical Ability",
                "category_description" : "Refers to facility in manipulating numbers quickly, accurately and fluency in tasks involving fundamental numerical operations. Low scores (1-3) indicate a below average facility in handling numbers and their use in day to day applications. The individual has a below average ability to make rapid calculations in simple arithmetic problems. Medium scores (4-7) indicate an average numerical ability showing fluency in fundamental numerical operations. Has an average ability to understand and apply rapid numerical solutions to computational tasks. High scores (8-10) indicate a high ability to manipulate and wield numerical operations rapidly and accurately. Could perform well in accounting, technical and data processing kind of tasks."
            }, 
            {
                
                "category_name" : "Spatial Ability",
                "category_description" : "Concerned with perceiving spatial patterns accurately and following the orientation of figures when their position in a plane or space is altered. Low scores (1-3) indicate poor ability to perceive relationships and arrangements among visual patterns. Unable to perceive small details in spatial relations. Medium scores (4-7) indicate an average ability to perceive spatial patterns clearly, following the orientation of figures when their position is altered or even in an disoriented visual pattern. High scores (8-10) indicate an extremely high ability to understand spatial relations and grasp relationships among two-dimensional figures. Can be successful in tasks dealing with architecture, commercial art, dress-designing, etc."
            }, 
            {
                
                "category_name" : "Closure Ability",
                "category_description" : "Primarily a perceptual ability to see quickly a whole stimulus when parts of it are missing. Low scores (1-3) indicate below average ability to perceive things in an organized and meaningful manner. Medium scores (4-7) indicate an average ability to form a perceptual cluster from a number of vague or jumbled data present in the surroundings. Can perceive meaningful blocks and organize them. High scores (8-10) indicate an extremely high ability to understand and grasp relationship among incomplete stimuli. The subject has a highly perceptual accuracy to comprehend the surroundings. Can do well in such situations."
            }, 
            {
                
                "category_name" : "Reasoning Ability",
                "category_description" : "Refers to the ability to apply the process of induction or to reason from some specific information to a general principle. Low scores (1-3) indicate below average ability to deduce logical principle underlying any relationship among concepts. Medium scores (4-7) indicate an average ability to apply logical reasoning from some specific information to a general principle. High scores (8-10) indicates extremely high ability to understand and grasp relationships among unknown stimuli. The subject has an excellent ability to apply the process of induction or logical reasoning in order to comprehend relationships. Can do well in such activities which involve logical thinking such as computer programming, engineering, scientific technology or mathematics related pursuits."
            }, 
            {
                
                "category_name" : "Mechanical Ability",
                "category_description" : "Refers to an understanding of basic mechanical principles, dimple machines, tools, electrical and automotive facts. Low scores (1-3) indicate poor understanding of basic mechanical principles underlying simple machines, tools, electrical and automotive operations. Medium scores (4-7) indicate an average ability to succeed in performance of technical vocational areas. Is somewhat aware of the information on basic mechanical principles. High scores (8-10) indicate an extremely high mechanical ability to understand technical aspects of machines, tools and automotive facts. Can be successful in tasks concerned with machinery, electrical/electronic jobs, carpentry or engineering technologies."
            }
        ]
    },
    "__v" : 0
}