{
    "best_suited": {
        "development_plan": {
            "title": "You could scale greater heights by developing on core strengths for the above careers:",
            "plan": [
                {
                    "sub_points": [
                        "Your strengths lie in traits like adaptability and creativity which gives you originality in your expression and flexibility to accept, adjust and react to external stress factors or changes easily",
                        "Teamed up with a strong verbal ability, you find yourself comfortable in situations demanding written and oral communication",
                        "You know to play to your strengths and in accordance have demonstrated a keen interest in Media & Communication and Hospitality",
                        "Your display of social warmth results in your outgoing, participative and good-natured self which makes you customer-oriented for the Hospitality sector",
                        "For Media & Communications, it would help you to proactively work on honing personality traits like boldness and enthusiasm which helps in social settings, making you socially bold, expressive and frank"
                    ],
                    "_id": "5e535ebf3b1d2455e8d3de07",
                    "head_line": ""
                },
                {
                    "sub_points": [],
                    "_id": "5e535ebf3b1d2455e8d3de06",
                    "head_line": ""
                }
            ]
        },
        "image_url": "/report/recommendation/img/best_suited.jpg",
        "title": "YOU ARE WELL-SUITED FOR",
        "recommendation": [
            {
                "career_class_icon": "/report/career_class/icon/media.1.jpg",
                "trending_careers": [
                    "Public Relations Specialist",
                    "Communications Manager",
                    "Event Planner",
                    "Social Media/Digital Media Strategist"
                ],
                "_id": "5e535ebf3b1d2455e8d3de05",
                "career_class": "Media & Communication"
            },
            {
                "career_class_icon": "/report/career_class/icon/hospitality.1.jpg",
                "trending_careers": [
                    "Hotel Manager",
                    "Sommelier",
                    "Executive Chef",
                    "Director of Housekeeping",
                    "Travel Consultants"
                ],
                "_id": "5e535ebf3b1d2455e8d3de04",
                "career_class": "Hospitality"
            }
        ]
    },
    "may_think": {
        "development_plan": {
            "title": "You demonstrate qualities associated with the above careers, dive-in to explore:",
            "plan": [
                {
                    "sub_points": [
                        "Key factor to success is the leadership role management takes in an organization, a trait you’ve scored well on",
                        "Being goal-oriented and demonstrating a power to influence others lends you the capability to control, direct and initiate actions for a group. You will do well to be mindful of this and continue to enhance these skills"
                    ],
                    "_id": "5e535ebf3b1d2455e8d3de0f",
                    "head_line": "Management as a profession is varied and spread across all sectors. The role of the person revolves around the organization: satisfying the stakeholders, profit for shareholders, creating valued products at reasonable cost for its customers, administration and employee satisfaction."
                },
                {
                    "sub_points": [
                        "With high prevalence of stress, depression and burn-out in medical students being documented, it is worried that the humanistic components (empathy, interpersonal skills) of the profession is diminishing",
                        "Your scoring high on key traits like mental health, maturity and control over tension all keep you emotionally stable, zestful, well-adjusted with control over irritation; qualities that promote med-student welfare",
                        "If this interests you, possible areas of improvement will be on academic achievement and general ability. You could start developing study goal plans along with dedicated involvement in school life"
                    ],
                    "_id": "5e535ebf3b1d2455e8d3de0e",
                    "head_line": "Medicine is a much sought after career which challenges the student with its academic, physical and mental rigor."
                }
            ]
        },
        "image_url": "/report/recommendation/img/may_think_about.jpg",
        "title": "YOU SHOULD THINK ABOUT",
        "recommendation": [
            {
                "career_class_icon": "icon url",
                "trending_careers": [],
                "_id": "5e535ebf3b1d2455e8d3de0d",
                "career_class": "Social Sciences & Humanities"
            },
            {
                "career_class_icon": "icon url",
                "trending_careers": [],
                "_id": "5e535ebf3b1d2455e8d3de0c",
                "career_class": "Social Services"
            },
            {
                "career_class_icon": "icon url",
                "trending_careers": [],
                "_id": "5e535ebf3b1d2455e8d3de0b",
                "career_class": "Education & Training"
            },
            {
                "career_class_icon": "/report/career_class/icon/management.1.jpg",
                "trending_careers": [
                    "Management Consultant",
                    "Product/Project Manager",
                    "Portfolio Manager",
                    "Investment Banker"
                ],
                "_id": "5e535ebf3b1d2455e8d3de0a",
                "career_class": "Management"
            },
            {
                "career_class_icon": "/report/career_class/icon/medicine.1.jpg",
                "trending_careers": [
                    "Anesthesiologist",
                    "Radiologist",
                    "Orthopedic Surgeon",
                    "Orthodontist",
                    "Physician Assistant"
                ],
                "_id": "5e535ebf3b1d2455e8d3de09",
                "career_class": "Medicine"
            },
            {
                "career_class_icon": "icon url",
                "trending_careers": [],
                "_id": "5e535ebf3b1d2455e8d3de08",
                "career_class": "Law"
            }
        ]
    },
    "need_improvement": {
        "development_plan": {
            "title": "You display interest towards the above careers, but this requires you to improve on:",
            "plan": [
                {
                    "sub_points": [
                        "Starting with aptitude, you will have to practice and develop habits that increase your numerical and reasoning ability. Given your strength in verbal ability you will find that to be pillar stone in quickly developing the forestated",
                        "Understand numerical logic and practice mental arithmetic as a daily practice. Deter from using calculators and take joy in uncovering patterns to numbers",
                        "Adopting a curious mindset in which you question as to why things happen/or is helps build reasoning ability. You should be observant to the underlaying reason and seeing connections between occurrences. Pick-up puzzle workbooks that help develop reasoning ability and cultivate joy in learning",
                        "Be mindful to keep in-check and consciously work on personality traits required for the two careers that you are currently lacking on: innovation, boldness, competition, enthusiasm, self-control and excitability",
                        "It may sound like a lot but some of these traits are interconnected, by way of which, improving one factor helps others. You can start with excitability and enthusiasm. These traits help provide the energy required to cope with the stress and demands of the career, especially revenue-driven sales. Also, together with boldness, these traits help you in social settings and make you seem friendly and approachable by your clients. This results in success as both the career fields are centered on customer/client interaction",
                        "Innovation make you a sought-after talent, especially in marketing advertising and self-control helps in building your personal brand and credibility"
                    ],
                    "_id": "5e535ebf3b1d2455e8d3de13",
                    "head_line": "You’ve shown a strong interest towards a career in Sales, Marketing and Advertising and you will have to proactively work upon the following, if you wish to pursue these fields:"
                },
                {
                    "sub_points": [],
                    "_id": "5e535ebf3b1d2455e8d3de12",
                    "head_line": ""
                }
            ]
        },
        "image_url": "/report/recommendation/img/need_to_improve.jpg",
        "title": "WORK ON YOUR SKILLS IF YOU WANT TO STUDY",
        "recommendation": [
            {
                "career_class_icon": "/report/career_class/icon/advertising.1.jpg",
                "trending_careers": [
                    "Brand Manager",
                    "Market Research Analyst",
                    "Social Media Campaign Manager"
                ],
                "_id": "5e535ebf3b1d2455e8d3de11",
                "career_class": "Marketing & Advertising"
            },
            {
                "career_class_icon": "/report/career_class/icon/sales.1.jpg",
                "trending_careers": [
                    "Software Sales Rep.",
                    "Realtor",
                    "Pharmaceutical Sales Rep.",
                    "FMCG Sales Rep."
                ],
                "_id": "5e535ebf3b1d2455e8d3de10",
                "career_class": "Sales"
            }
        ]
    },
    "personality": {
        "heatmap_headings": {
            "high": "DOMINANT TRAITS",
            "low": "RECESSIVE TRAITS"
        },
        "how_to_read_text": "The area closer to the outer circle are the ones that you are more interested in and the ones more to the centre are areas you are less interested in.",
        "high": [
            "Adaptability",
            "Boldness",
            "Competition",
            "Creativity",
            "Enthusiasm",
            "Excitability",
            "Innovation",
            "Leadership",
            "Maturity",
            "Mental Health",
            "Morality",
            "Social Warmth"
        ],
        "medium": [
            "Academic Achievement",
            "General Ability",
            "Self Control"
        ],
        "low": [
            "Individualism",
            "Sensitivity",
            "Self Sufficiency"
        ],
        "traits": [
            {
                "_id": "5e535ebf3b1d2455e8d3de27",
                "trait_name": "Adaptability",
                "score": "9"
            },
            {
                "_id": "5e535ebf3b1d2455e8d3de26",
                "trait_name": "Academic Achievement",
                "score": "6"
            },
            {
                "_id": "5e535ebf3b1d2455e8d3de25",
                "trait_name": "Boldness",
                "score": "9"
            },
            {
                "_id": "5e535ebf3b1d2455e8d3de24",
                "trait_name": "Competition",
                "score": "8"
            },
            {
                "_id": "5e535ebf3b1d2455e8d3de23",
                "trait_name": "Creativity",
                "score": "10"
            },
            {
                "_id": "5e535ebf3b1d2455e8d3de22",
                "trait_name": "Enthusiasm",
                "score": "9"
            },
            {
                "_id": "5e535ebf3b1d2455e8d3de21",
                "trait_name": "Excitability",
                "score": "8"
            },
            {
                "_id": "5e535ebf3b1d2455e8d3de20",
                "trait_name": "General Ability",
                "score": "6"
            },
            {
                "_id": "5e535ebf3b1d2455e8d3de1f",
                "trait_name": "Guilt Proneness",
                "score": "1"
            },
            {
                "_id": "5e535ebf3b1d2455e8d3de1e",
                "trait_name": "Individualism",
                "score": "1"
            },
            {
                "_id": "5e535ebf3b1d2455e8d3de1d",
                "trait_name": "Innovation",
                "score": "9"
            },
            {
                "_id": "5e535ebf3b1d2455e8d3de1c",
                "trait_name": "Leadership",
                "score": "8"
            },
            {
                "_id": "5e535ebf3b1d2455e8d3de1b",
                "trait_name": "Maturity",
                "score": "10"
            },
            {
                "_id": "5e535ebf3b1d2455e8d3de1a",
                "trait_name": "Mental Health",
                "score": "10"
            },
            {
                "_id": "5e535ebf3b1d2455e8d3de19",
                "trait_name": "Morality",
                "score": "10"
            },
            {
                "_id": "5e535ebf3b1d2455e8d3de18",
                "trait_name": "Self Control",
                "score": "6"
            },
            {
                "_id": "5e535ebf3b1d2455e8d3de17",
                "trait_name": "Sensitivity",
                "score": "2"
            },
            {
                "_id": "5e535ebf3b1d2455e8d3de16",
                "trait_name": "Self Sufficiency",
                "score": "2"
            },
            {
                "_id": "5e535ebf3b1d2455e8d3de15",
                "trait_name": "Social Warmth",
                "score": "10"
            },
            {
                "_id": "5e535ebf3b1d2455e8d3de14",
                "trait_name": "Tension",
                "score": "2"
            }
        ]
    },
    "aptitude": {
        "heatmap_headings": {
            "high": "STRENGTHS",
            "low": "AREAS OF IMPROVEMENTS"
        },
        "how_to_read_text": "The area closer to the outer circle are the ones that you are more interested in and the ones more to the centre are areas you are less interested in.",
        "high": [
            "Verbal Ability"
        ],
        "medium": [
            "Spatial Ability",
            "Closure Ability",
            "Reasoning Ability",
            "Mechanical Ability"
        ],
        "low": [
            "Numerical Ability",
            "Clerical Ability"
        ],
        "traits": [
            {
                "_id": "5e535ebf3b1d2455e8d3de2e",
                "trait_name": "Verbal Ability",
                "score": "9"
            },
            {
                "_id": "5e535ebf3b1d2455e8d3de2d",
                "trait_name": "Numerical Ability",
                "score": "2"
            },
            {
                "_id": "5e535ebf3b1d2455e8d3de2c",
                "trait_name": "Spatial Ability",
                "score": "6"
            },
            {
                "_id": "5e535ebf3b1d2455e8d3de2b",
                "trait_name": "Closure Ability",
                "score": "5"
            },
            {
                "_id": "5e535ebf3b1d2455e8d3de2a",
                "trait_name": "Clerical Ability",
                "score": "3"
            },
            {
                "_id": "5e535ebf3b1d2455e8d3de29",
                "trait_name": "Reasoning Ability",
                "score": "6"
            },
            {
                "_id": "5e535ebf3b1d2455e8d3de28",
                "trait_name": "Mechanical Ability",
                "score": "4"
            }
        ]
    },
    "interest": {
        "heatmap_headings": {
            "high": "HIGH INTEREST",
            "low": "LOW INTEREST"
        },
        "how_to_read_text": "The area closer to the outer circle are the ones that you are more interested in and the ones more to the centre are areas you are less interested in.",
        "high": [
            "Media & Communication",
            "Hospitality",
            "Marketing & Advertising",
            "Sales"
        ],
        "low": [
            "Maths &  Statistics",
            "Allied Medicine",
            "Management",
            "Economics",
            "Medicine",
            "Law"
        ],
        "traits": [
            {
                "_id": "5e535ebf3b1d2455e8d3de4d",
                "trait_name": "Media & Communication",
                "score": "20"
            },
            {
                "_id": "5e535ebf3b1d2455e8d3de4c",
                "trait_name": "Hospitality",
                "score": "20"
            },
            {
                "_id": "5e535ebf3b1d2455e8d3de4b",
                "trait_name": "Marketing & Advertising",
                "score": "20"
            },
            {
                "_id": "5e535ebf3b1d2455e8d3de4a",
                "trait_name": "Sales",
                "score": "20"
            },
            {
                "_id": "5e535ebf3b1d2455e8d3de49",
                "trait_name": "engineering",
                "score": "10"
            },
            {
                "_id": "5e535ebf3b1d2455e8d3de48",
                "trait_name": "computer_application_&_it",
                "score": "10"
            },
            {
                "_id": "5e535ebf3b1d2455e8d3de47",
                "trait_name": "aviation",
                "score": "10"
            },
            {
                "_id": "5e535ebf3b1d2455e8d3de46",
                "trait_name": "architecture",
                "score": "10"
            },
            {
                "_id": "5e535ebf3b1d2455e8d3de45",
                "trait_name": "merchant_navy",
                "score": "10"
            },
            {
                "_id": "5e535ebf3b1d2455e8d3de44",
                "trait_name": "food_&_agriculture",
                "score": "10"
            },
            {
                "_id": "5e535ebf3b1d2455e8d3de43",
                "trait_name": "natural_sciences",
                "score": "10"
            },
            {
                "_id": "5e535ebf3b1d2455e8d3de42",
                "trait_name": "sports_&_nutrition",
                "score": "10"
            },
            {
                "_id": "5e535ebf3b1d2455e8d3de41",
                "trait_name": "design",
                "score": "10"
            },
            {
                "_id": "5e535ebf3b1d2455e8d3de40",
                "trait_name": "animation_&_graphics",
                "score": "10"
            },
            {
                "_id": "5e535ebf3b1d2455e8d3de3f",
                "trait_name": "applied_arts",
                "score": "10"
            },
            {
                "_id": "5e535ebf3b1d2455e8d3de3e",
                "trait_name": "performing_arts",
                "score": "10"
            },
            {
                "_id": "5e535ebf3b1d2455e8d3de3d",
                "trait_name": "public_services",
                "score": "10"
            },
            {
                "_id": "5e535ebf3b1d2455e8d3de3c",
                "trait_name": "defence",
                "score": "10"
            },
            {
                "_id": "5e535ebf3b1d2455e8d3de3b",
                "trait_name": "finance_&_banking",
                "score": "10"
            },
            {
                "_id": "5e535ebf3b1d2455e8d3de3a",
                "trait_name": "commerce_&_accounts",
                "score": "10"
            },
            {
                "_id": "5e535ebf3b1d2455e8d3de39",
                "trait_name": "actuarial_sciences",
                "score": "10"
            },
            {
                "_id": "5e535ebf3b1d2455e8d3de38",
                "trait_name": "social_sciences_&_humanities",
                "score": "10"
            },
            {
                "_id": "5e535ebf3b1d2455e8d3de37",
                "trait_name": "social_services",
                "score": "10"
            },
            {
                "_id": "5e535ebf3b1d2455e8d3de36",
                "trait_name": "education_&_training",
                "score": "10"
            },
            {
                "_id": "5e535ebf3b1d2455e8d3de35",
                "trait_name": "vocational",
                "score": "10"
            },
            {
                "_id": "5e535ebf3b1d2455e8d3de34",
                "trait_name": "Maths &  Statistics",
                "score": "5"
            },
            {
                "_id": "5e535ebf3b1d2455e8d3de33",
                "trait_name": "Allied Medicine",
                "score": "5"
            },
            {
                "_id": "5e535ebf3b1d2455e8d3de32",
                "trait_name": "Management",
                "score": "5"
            },
            {
                "_id": "5e535ebf3b1d2455e8d3de31",
                "trait_name": "Economics",
                "score": "5"
            },
            {
                "_id": "5e535ebf3b1d2455e8d3de30",
                "trait_name": "Medicine",
                "score": "5"
            },
            {
                "_id": "5e535ebf3b1d2455e8d3de2f",
                "trait_name": "Law",
                "score": "5"
            }
        ]
    },
    "_id": "5e535ebf3b1d2455e8d3de03",
    "__v": 0
}