{
    "blogs": [
        {
            "id": "1",
            "title": "Top Medical Colleges in India 2020",
            "description": "Medical education in India is controlled by MCI. Courses like MBBS and MD are offered by AFMC, JIPMER, AIMS...",
            "author_name": "Amita Chopdar",
            "author_image_url":"/assets/images/person-image.png",
            "title_image_url":"/assets/images/db-expert-one.png",
            "date": "23rd Feb, 2020"
        },
        {
            "id": "2",
            "title": "Career tips for students planning to become a successful Hotel Manager",
            "description": "Hotel Managers play a key role in maintaining the long-term profitability and success of a hotel. Regardless of the operational size of the hotel, hotel managers need to...",
            "author_name": "Niveditha Kumaravel",
            "author_image_url": "/assets/images/person-image.png",
            "title_image_url":"/assets/images/db-expert-two.png",
            "date": "22nd Feb, 2020"
        },
        {
            "id": "3",
            "title": "Preparing for UPSC: Guidelines to Aspirants",
            "description": "Civil Services, IAS and IFS in particular, is the dream career of millions of aspirants in the country...",
            "author_name": "Shubhangi Sudhakaran",
            "author_image_url": "/assets/images/person-image.png",
            "title_image_url":"/assets/images/db-expert-three.png",
            "date": "22nd Feb, 2020"
        }
    ],
    "testimonials": [
        {
            "id": "1",
            "testimonial": "Eduguy helped complete my search towards discovering a fulfilling career. The tests helped understand who I am better.",
            "author_name": "Hiba Nasreen",
            "author_image_url": "/dashboard/testimonials/1/img/author_image.jpg",
            "author_grade":"10th Standard",
            "author_credentials": "Bethany High School, Bangalore"
        },
        {
            "id": "2",
            "testimonial": "Eduguy opened my eyes to careers I didn’t knew exist before, revealing latent interests I had in certain fields of study. It feels great to know that I can break the mould and explore new career avenues.",
            "author_name": "Kalpana Sharma",
            "author_image_url":"/dashboard/testimonials/2/img/author_image.jpg",
            "author_grade": "9th Standard",
            "author_credentials": "MGD School, Jaipur"
        },
        {
            "id": "3",
            "testimonial": "A star product Eduguy is!! I was recommended by a cousin who is now very happy pursuing in his Bakery course in Marseille, Provence. Would definitely recommend Eduguy to all. Cheers! Here’s to hoping everyone finds their goal in the pursuit of happiness.",
            "author_name": "Karan Sachdeva",
            "author_image_url": "/dashboard/testimonials/3/img/author_image.jpg",
            "author_grade": "9th Standard",
            "author_credentials": "Tilak Vidya Mandir, Nagpur"
        }
    ],
    "whats_trending": [
        {
            "id": "1",
            "image_title": "Building a Career in Sports and Nutrition",
            "image_url": "/assets/images/db-happening-one.png",
            "video_title": "Building a Career in Sports and Nutrition",
            "video_url": "https://www.youtube.com/watch?v=VDOy9fBXDe8"
        },
        {
            "id": "2",
            "image_title": "Mitigating challenges to develop a Study",
            "image_url": "/assets/images/db-happening-two.png",
            "video_title": "Mitigating challenges to develop a Study",
            "video_url": "https://www.youtube.com/watch?v=wr4Ii32N8WQ"
        },
        {
            "id": "3",
            "image_title": "Why is Personality important in finding your Ideal Career",
            "image_url": "/assets/images/db-happening-three.png",
            "video_title": "Why is Personality important in finding your Ideal Career",
            "video_url": "https://www.youtube.com/watch?v=dcsc_EsJmsA"
        }
    ]
}